Maze Size,BFS Time,DFS Time,A* Time,BFS Nodes,DFS Nodes,A* Nodes,QL Time,QL Status
11x11,9.51E-05,0.000166416,7.61E-05,39,51,20,1.594744444,Optimal
31x31,0.00066185,0.000945568,0.00086689,325,286,189,19.02280378,Optimal
51x51,0.001999378,0.001407623,0.001088858,1150,835,419,60.64845037,Optimal
71x71,0.005474091,0.004724741,0.002047777,2434,2085,811,153.1216686,Optimal
101x101,0.012780905,0.0011549,0.012004375,4647,647,2701,,Skipped (Too Large)
501x501,0.382868767,0.26818037,0.074409246,117975,93455,20531,,Skipped (Too Large)
1001x1001,1.39703989,0.770515919,1.002683163,497405,269269,222143,,Skipped (Too Large)
5001x5001,31.78433323,15.00841236,20.15096235,10925088,5268077,4286715,,Skipped (Too Large)
